{
    "description": "项目配置文件",
    "packOptions": {
        "ignore": []
    },
    "setting": {
        "urlCheck": true,
        "es6": true,
        "enhance": false,
        "postcss": true,
        "preloadBackgroundData": false,
        "minified": true,
        "newFeature": false,
        "coverView": true,
        "nodeModules": false,
        "autoAudits": false,
        "showShadowRootInWxmlPanel": true,
        "scopeDataCheck": false,
        "uglifyFileName": false,
        "checkInvalidKey": true,
        "checkSiteMap": true,
        "uploadWithSourceMap": true,
        "compileHotReLoad": false,
        "babelSetting": {
            "ignore": [],
            "disablePlugins": [],
            "outputPath": ""
        },
        "useIsolateContext": true,
        "useCompilerModule": false,
        "userConfirmedUseCompilerModuleSwitch": false
    },
    "compileType": "miniprogram",
    "libVersion": "0.2.0",
    "appid": "ks1234",
    "projectname": "minicode-1",
    "debugOptions": {
        "hidedInDevtools": []
    },
    "scripts": {},
    "isGameTourist": false,
    "simulatorPluginLibVersion": {},
    "condition": {
        "search": {
            "current": -1,
            "list": []
        },
        "conversation": {
            "current": -1,
            "list": []
        },
        "game": {
            "current": -1,
            "list": []
        },
        "plugin": {
            "current": -1,
            "list": []
        },
        "gamePlugin": {
            "current": -1,
            "list": []
        },
        "miniprogram": {
            "current": -1,
            "list": []
        }
    },
    "tools": {
        "uuid": "93XofnzH0uC7cijhLeAoL",
        "source": "template"
    }
}